id	step_id	ordinal	prompt_fingerprint	exchange_ref	outcome	diagnosis	tokens_in	tokens_out	created_at
1	1002	1	fefb19d08e4bbc89	logs/task-1/step-2/attempt-1	ok	ok	321	835	unix:1783139017.236487776Z
2	1003	1	062e9fe5ffe4576d	logs/task-1/step-3/attempt-1	ok	ok	345	707	unix:1783139050.274092748Z
3	1004	2	68be4b675a1939ff	logs/task-1/step-4/attempt-2	endpointerror	endpoint failure: connection: error sending request for url (<LKJAGENT_ENDPOINT>/v1/chat/completions); retry after 16s	0	0	unix:1783139365.294888718Z
4	1004	3	36dae2462a507615	logs/task-1/step-4/attempt-3	endpointerror	endpoint failure: connection: error sending request for url (<LKJAGENT_ENDPOINT>/v1/chat/completions); retry after 32s	0	0	unix:1783139680.309164679Z
5	1004	4	047e6a234b2a7a0a	logs/task-1/step-4/attempt-4	endpointerror	endpoint failure: connection: error sending request for url (<LKJAGENT_ENDPOINT>/v1/chat/completions); retry after 64s	0	0	unix:1783139995.331368205Z
6	1004	5	2c75e30f66e7764a	logs/task-1/step-4/attempt-5	endpointerror	endpoint failure: connection: error sending request for url (<LKJAGENT_ENDPOINT>/v1/chat/completions); retry after 128s	0	0	unix:1783140310.353631782Z
7	1004	6	ba2df40b3bc643ab	logs/task-1/step-4/attempt-6	endpointerror	endpoint failure: connection: error sending request for url (<LKJAGENT_ENDPOINT>/v1/chat/completions); retry after 256s	0	0	unix:1783140625.375718771Z
8	1004	7	671122c1f6a7e817	logs/task-1/step-4/attempt-7	endpointerror	endpoint failure: connection: error sending request for url (<LKJAGENT_ENDPOINT>/v1/chat/completions); retry after 512s	0	0	unix:1783140940.395731514Z
9	1004	8	4ac99b5c538fb77f	logs/task-1/step-4/attempt-8	endpointerror	endpoint failure: connection: error sending request for url (<LKJAGENT_ENDPOINT>/v1/chat/completions); retry after 900s	0	0	unix:1783141255.417900502Z
10	1004	9	09a4d655d19582df	logs/task-1/step-4/attempt-9	endpointerror	endpoint failure: connection: error sending request for url (<LKJAGENT_ENDPOINT>/v1/chat/completions); retry after 900s	0	0	unix:1783141570.439652647Z
11	1004	10	c3e1f12f62c8530f	logs/task-1/step-4/attempt-10	endpointerror	endpoint failure: connection: error sending request for url (<LKJAGENT_ENDPOINT>/v1/chat/completions); retry after 900s	0	0	unix:1783141885.459075233Z
